Job Title,Publish Date,Closing Date,Position Level,Year Experience,Number of Hiring,Salary,Gender,Age,Term,Job Category,Industry,Education Level,Language 1,Langue level 1,Langue 2,Language level 2,Language 3,Language level 3,Location 1,Location 2,Location 3,Location 4,Location 5,Location 6,Location 7,Duration of Recruiting,Major 1,Major 2,Major 3,Major 4
Unity Game Developer,"Thursday, September 8, 2022","Saturday, October 8, 2022",Medium Skill,2,1,1383,Male/Female,Age Unlimited,Full-Time,IT,Information Technology,Graduated,English,Good,,,,,Phnom Penh,,,,,,,30,Computer Science,,,
Sales Engineer -Dynamic Technology,"Monday, September 5, 2022","Wednesday, October 5, 2022",Medium Skill,2,1,578,Male/Female,Age Unlimited,Full-Time,Sales,Trading,Graduated,English,Good,,,,,Phnom Penh,,,,,,,30,Computer Science,,,
Senior Product Development Officer (1post),"Thursday, September 8, 2022","Saturday, October 8, 2022",Medium Skill,2,1,728,Male/Female,Age Unlimited,Full-Time,IT,Banking & Finance,Graduated,English,Good,,,,,Phnom Penh,,,,,,,30,Computer Science,,,
"Senior Auditor, IT Audit","Thursday, August 18, 2022","Saturday, September 17, 2022",Medium Skill,2,1,1468,Male/Female,Age Unlimited,Full-Time,Audit/Taxation,Banking & Finance,Graduated,English,Good,,,,,Phnom Penh,,,,,,,30,Computer Science,,,
Solution Architect,"Monday, August 15, 2022","Wednesday, September 14, 2022",Medium Skill,2,1,821,Male/Female,Age Unlimited,Full-Time,IT,Banking & Finance,Graduated,English,Good,,,,,Phnom Penh,,,,,,,30,Information Technology,Computer Science,,
"Executive, Sales Force Effectiveness","Monday, August 15, 2022","Wednesday, September 14, 2022",Medium Skill,2,1,1452,Male/Female,Age Unlimited,Full-Time,Sales,Others,Graduated,English,Good,,,,,Phnom Penh,,,,,,,30,Information Technology,,,
Project and Network Manager,"Friday, August 19, 2022","Sunday, September 18, 2022",Medium Skill,2,1,726,Male/Female,Age Unlimited,Full-Time,Management,Information Technology,Graduated,English,Good,,,,,Phnom Penh,,,,,,,30,Computer Science,Information Technology,,
"Senior Officer, Database Administration","Friday, August 19, 2022","Sunday, September 18, 2022",Medium Skill,2,1,1432,Male/Female,Age Unlimited,Full-Time,IT,Information Technology,Graduated,English,Good,,,,,Phnom Penh,,,,,,,30,Computer Science,IT Engineering,,
"Senior Officer, Software Engineering (Web)","Monday, August 15, 2022","Wednesday, September 14, 2022",Medium Skill,2,1,1411,Male/Female,Age Unlimited,Full-Time,IT,Banking & Finance,Graduated,English,Good,,,,,Phnom Penh,,,,,,,30,Information Technology,,,
Web/App Developer,"Friday, August 26, 2022","Sunday, September 25, 2022",Medium Skill,2,1,989,Male/Female,Age Unlimited,Full-Time,IT,Food & Beverages,Graduated,English,Good,,,,,Phnom Penh,,,,,,,30,Computer Science,,,
PHP Web Developer,"Tuesday, August 16, 2022","Thursday, September 15, 2022",Medium Skill,2,1,1131,Male/Female,Age Unlimited,Full-Time,IT,Information Technology,Graduated,English,Good,,,,,Phnom Penh,,,,,,,30,Computer Science,Information Technology,,
"Senior Officer, IT EBS","Tuesday, August 16, 2022","Thursday, September 15, 2022",Medium Skill,2,1,722,Male/Female,Age Unlimited,Full-Time,IT,Banking & Finance,Graduated,English,Good,,,,,Phnom Penh,,,,,,,30,Computer Science,,,
"Officer, UX/UI Designer","Tuesday, August 16, 2022","Thursday, September 15, 2022",Medium Skill,2,1,662,Male/Female,Age Unlimited,Full-Time,IT,Banking & Finance,Graduated,English,Good,,,,,Phnom Penh,,,,,,,30,Computer Science,,,
Full Stack Developer,"Friday, August 12, 2022","Sunday, September 11, 2022",Medium Skill,1,1,1338,Male/Female,Age Unlimited,Full-Time,IT,Architecture/Building/Construction,Graduated,English,Good,,,,,Phnom Penh,,,,,,,30,Computer Science,,,
Front-End Developer,"Friday, August 12, 2022","Sunday, September 11, 2022",Medium Skill,1,1,1204,Male/Female,Age Unlimited,Full-Time,IT,Architecture/Building/Construction,Graduated,English,Good,,,,,Phnom Penh,,,,,,,30,Computer Science,,,
IT Officer - បុគ្គលិកផ្នែកពត៌មានវិទ្យា ($400-$800),"Tuesday, August 23, 2022","Thursday, September 22, 2022",Medium Skill,1,1,873,Male/Female,Age Unlimited,Full-Time,IT,Education,Graduated,English,Good,,,,,Phnom Penh,,,,,,,30,Information Technology,Computer Science,,
Laravel PHP Developer,"Wednesday, August 17, 2022","Friday, September 16, 2022",Medium Skill,1,1,901,Male/Female,Age Unlimited,Full-Time,IT,Information Technology,Graduated,English,Good,,,,,Phnom Penh,,,,,,,30,Computer Science,Information Technology,,
Flutter Developer,"Thursday, September 8, 2022","Saturday, October 8, 2022",Medium Skill,1,1,991,Male/Female,Age Unlimited,Full-Time,IT,Information Technology,Graduated,English,Good,,,,,Phnom Penh,,,,,,,30,Computer Science,,,
Officer - Web BackEnd Development,"Tuesday, September 6, 2022","Thursday, October 6, 2022",Medium Skill,1,1,602,Male/Female,Age Unlimited,Full-Time,IT,Food & Beverages,Graduated,English,Good,,,,,Phnom Penh,,,,,,,30,Computer Science,,,
Junior Billing Administrator,"Thursday, August 18, 2022","Saturday, September 17, 2022",Medium Skill,1,1,589,Male/Female,Age Unlimited,Full-Time,Others,Telecommunication,Graduated,English,Good,,,,,Phnom Penh,,,,,,,30,Computer Science,,,
"Specialist, Core Banking","Tuesday, August 16, 2022","Thursday, September 15, 2022",Medium Skill,1,1,1105,Male/Female,Age Unlimited,Full-Time,Bank/Insurance,Banking & Finance,Graduated,English,Good,,,,,Phnom Penh,,,,,,,30,Computer Science,,,
Software Engineer,"Monday, September 12, 2022","Wednesday, October 12, 2022",Medium Skill,1,1,1184,Male/Female,Age Unlimited,Full-Time,Trading,Trading,Graduated,English,Good,,,,,Phnom Penh,,,,,,,30,Information Technology,,,
IT SUPERVISOR,"Friday, August 19, 2022","Sunday, September 18, 2022",Medium Skill,None,1,1196,Male/Female,Age Unlimited,Full-Time,IT,Real Estate,Graduated,English,Good,,,,,Phnom Penh,,,,,,,30,Computer Science,,,
PHP Developers in Phnom Penh USD700 - USD1200/month (Net salary),"Monday, August 29, 2022","Wednesday, September 28, 2022",Medium Skill,3,1,524,Male/Female,Age Unlimited,Full-Time,IT,Information Technology,Graduated,English,Good,,,,,Phnom Penh,,,,,,,30,Computer Science,,,
Software Developers,"Friday, August 26, 2022","Sunday, September 25, 2022",Medium Skill,4,1,571,Male/Female,Age Unlimited,Full-Time,IT,Information Technology,Graduated,English,Good,,,,,Phnom Penh,,,,,,,30,Computer Science,,,
IT – Senior Business Analysis,"Monday, August 15, 2022","Wednesday, September 14, 2022",Medium Skill,3,1,1375,Male/Female,Age Unlimited,Full-Time,IT,Insurance,Graduated,English,Good,,,,,Phnom Penh,,,,,,,30,Information Technology,,,
IT Security Officer,"Monday, August 15, 2022","Wednesday, September 14, 2022",Medium Skill,3,1,1446,Male/Female,Age Unlimited,Full-Time,IT,Education,Graduated,English,Good,,,,,Phnom Penh,,,,,,,30,Information Technology,Computer Science,,
"Senior Supervisor, Integration Engineer","Monday, August 29, 2022","Wednesday, September 28, 2022",Medium Skill,3,1,955,Male/Female,Age Unlimited,Full-Time,Others,Insurance,Graduated,English,Good,,,,,Phnom Penh,,,,,,,30,Information Technology,,,
iOS Developer,"Thursday, August 18, 2022","Saturday, September 17, 2022",Medium Skill,3,1,706,Male/Female,Age Unlimited,Full-Time,IT,Banking & Finance,Graduated,English,Good,,,,,Phnom Penh,,,,,,,30,Computer Science,,,
Product Development,"Thursday, September 8, 2022","Saturday, October 8, 2022",Medium Skill,None,1,609,Male/Female,Age Unlimited,Full-Time,IT,Banking & Finance,Graduated,English,Good,,,,,Phnom Penh,,,,,,,30,Information Technology,Computer Science,,
Brand & Campaign Data Analyst,"Monday, August 22, 2022","Wednesday, September 21, 2022",Medium Skill,5,1,1471,Male/Female,Age Unlimited,Full-Time,Marketing,Banking & Finance,Graduated,English,Good,,,,,Phnom Penh,,,,,,,30,Data Science,,,
Backend Developer,"Monday, September 5, 2022","Wednesday, October 5, 2022",Medium Skill,3,1,1074,Male/Female,Age Unlimited,Full-Time,IT,Banking & Finance,Graduated,English,Good,,,,,Phnom Penh,,,,,,,30,Computer Science,Information Technology,,
"Analyst, Business Development","Monday, August 15, 2022","Wednesday, September 14, 2022",Medium Skill,None,1,880,Male/Female,Age Unlimited,Full-Time,Sales,Others,Graduated,English,Good,,,,,Phnom Penh,,,,,,,30,Data Analytics,,,
Senior Accounting System Controller,"Thursday, August 18, 2022","Saturday, September 17, 2022",Medium Skill,3,1,1426,Male/Female,Age Unlimited,Full-Time,Accounting,Trading,Graduated,English,Good,,,,,Phnom Penh,,,,,,,30,Information Technology,,,
IP Network Engineer (PP),"Friday, August 19, 2022","Sunday, September 18, 2022",Medium Skill,None,1,672,Male/Female,Age Unlimited,Full-Time,IT,Information Technology,Graduated,English,Good,,,,,Phnom Penh,,,,,,,30,Computer Science,,,
"Senior Specialist, Strategy & Planning","Wednesday, August 31, 2022","Friday, September 30, 2022",Medium Skill,3,1,1419,Male/Female,Age Unlimited,Full-Time,IT,Information Technology,Graduated,English,Good,,,,,Phnom Penh,,,,,,,30,Information Technology,,,
"Specialist, IT Security","Friday, August 19, 2022","Sunday, September 18, 2022",Medium Skill,5,1,590,Male/Female,Age Unlimited,Full-Time,IT,Information Technology,Graduated,English,Good,,,,,Phnom Penh,,,,,,,30,Information Technology,Computer Science,,
"Manager, Business Intelligence & Data Analytics","Friday, August 26, 2022","Sunday, September 25, 2022",Medium Skill,5,1,1154,Male/Female,Age Unlimited,Full-Time,IT,Information Technology,Graduated,English,Good,,,,,Phnom Penh,,,,,,,30,Information Technology,,,
"Specialist, Mobile Application Developer","Friday, August 19, 2022","Sunday, September 18, 2022",Medium Skill,3,1,963,Male/Female,Age Unlimited,Full-Time,IT,Information Technology,Graduated,English,Good,,,,,Phnom Penh,,,,,,,30,Computer Science,Information Technology,,
"Associate, Software Engineering (JAVA)","Wednesday, August 17, 2022","Friday, September 16, 2022",Medium Skill,3,1,1476,Male/Female,Age Unlimited,Full-Time,IT,Banking & Finance,Graduated,English,Good,,,,,Phnom Penh,,,,,,,30,Computer Science,,,
"Associate, IT QA testing (corebanking)","Wednesday, August 17, 2022","Friday, September 16, 2022",Medium Skill,3,1,1259,Male/Female,Age Unlimited,Full-Time,IT,Banking & Finance,Graduated,English,Good,,,,,Phnom Penh,,,,,,,30,Computer Science,,,
"Associate, IT QA testing (corebanking)","Wednesday, August 17, 2022","Friday, September 16, 2022",Medium Skill,3,1,1037,Male/Female,Age Unlimited,Full-Time,IT,Banking & Finance,Graduated,English,Good,,,,,Phnom Penh,,,,,,,30,Computer Science,IT Engineering,,
"Associate, Software Engineer (Android)","Thursday, September 1, 2022","Saturday, October 1, 2022",Medium Skill,3,1,783,Male/Female,Age Unlimited,Full-Time,IT,Information Technology,Graduated,English,Good,,,,,Phnom Penh,,,,,,,30,Computer Science,IT Engineering,,
Field Network Engineer,"Friday, August 19, 2022","Sunday, September 18, 2022",Medium Skill,None,1,774,Male/Female,Age Unlimited,Full-Time,IT,Information Technology,Graduated,English,Good,,,,,Phnom Penh,,,,,,,30,Computer Science,,,
Graphic Designer 250$-500$,"Friday, August 19, 2022","Sunday, September 18, 2022",Medium Skill,None,1,1107,Male/Female,Age Unlimited,Full-Time,Design,Advertising/Media/Publishing/Printing,Graduated,English,Good,,,,,Phnom Penh,,,,,,,30,Information Technology,,,
Fleet Monitor (Outsourcing),"Friday, August 26, 2022","Sunday, September 25, 2022",Medium Skill,None,1,1311,Male/Female,Age Unlimited,Full-Time,Logistics/Shipping/Deliver/Warehouse,Energy/Power/Water/Oil & Gas,Graduated,English,Good,,,,,Phnom Penh,,,,,,,30,Information Technology,,,
Senior IT Auditor,"Thursday, August 25, 2022","Saturday, September 24, 2022",Medium Skill,5,1,1139,Male/Female,Age Unlimited,Full-Time,Bank/Insurance,Banking & Finance,Graduated,English,Good,,,,,Phnom Penh,,,,,,,30,Information Technology,Computer Science,IT Engineering,
IT Manager,"Monday, August 15, 2022","Wednesday, September 14, 2022",Medium Skill,None,1,1317,Male/Female,Age Unlimited,Full-Time,IT,Manufacturing,Graduated,English,Good,,,,,Phnom Penh,,,,,,,30,Computer Science,Information Technology,IT Engineering,
"Manager, MIS Reporting","Saturday, August 20, 2022","Monday, September 19, 2022",Medium Skill,5,1,794,Male/Female,Age Unlimited,Full-Time,IT,Trading,Graduated,English,Good,,,,,Phnom Penh,,,,,,,30,Information Technology,Computer Science,,
"Manager, IT Project Management","Tuesday, August 16, 2022","Thursday, September 15, 2022",Medium Skill,3,1,1432,Male/Female,Age Unlimited,Full-Time,Management,Banking & Finance,Graduated,English,Good,,,,,Phnom Penh,,,,,,,30,Information Technology,,,
"Specialist, IT Governance","Tuesday, August 16, 2022","Thursday, September 15, 2022",Medium Skill,3,1,1459,Male/Female,Age Unlimited,Full-Time,IT,Banking & Finance,Graduated,English,Good,,,,,Phnom Penh,,,,,,,30,Information Technology,Computer Science,,
Digital Monitor Officer ($350-$400),"Wednesday, August 31, 2022","Friday, September 30, 2022",None,1,1,1228,Male/Female,Age Unlimited,Full-Time,IT,General Business Services,Graduated,English,Good,,,,,Phnom Penh,,,,,,,30,Information Technology,,,
"Junior Specialist, IT Infrastructure","Friday, September 9, 2022","Sunday, October 9, 2022",Low Skill,None,1,1058,Male/Female,Age Unlimited,Full-Time,IT,Others,Graduated,English,Good,,,,,Phnom Penh,,,,,,,30,Information Technology,,,
Senior System Devloper,"Tuesday, August 30, 2022","Thursday, September 29, 2022",High Skill,2,1,999,Male/Female,Age Unlimited,Full-Time,IT,Automotive - Vehicle,Graduated,English,Good,,,,,Phnom Penh,,,,,,,30,Information Technology,,,
MARKETING SUPERVISOR,"Friday, September 2, 2022","Sunday, October 2, 2022",High Skill,3,1,1341,Male/Female,Age Unlimited,Full-Time,Marketing,Automotive - Vehicle,Graduated,English,Good,,,,,Phnom Penh,,,,,,,30,Data Analytics,,,
Web Developer-AIS,"Monday, August 22, 2022","Wednesday, September 21, 2022",None,4,1,949,Male/Female,Age Unlimited,Full-Time,IT,Education,Graduated,English,Good,,,,,Phnom Penh,,,,,,,30,Computer Science,,,
"Computer Teacher-Primary, Junior & High School","Monday, August 22, 2022","Wednesday, September 21, 2022",None,2,1,1389,Male/Female,Age Unlimited,Full-Time,Education/Training,Education,Graduated,English,Good,,,,,Phnom Penh,,,,,,,30,Computer Science,Information Technology,,
"Senior Developer ($800 to $1,000)","Thursday, September 8, 2022","Saturday, October 8, 2022",High Skill,2,1,1228,Male/Female,Age Unlimited,Full-Time,IT,Information Technology,Graduated,English,Good,,,,,Phnom Penh,,,,,,,30,Computer Science,Information Technology,,
"Developer, Application Development","Wednesday, August 17, 2022","Friday, September 16, 2022",Low Skill,1,1,994,Male/Female,Age Unlimited,Full-Time,IT,Trading,Graduated,English,Good,,,,,Phnom Penh,,,,,,,30,Computer Science,Information Technology,,
"Senior Developer, Application Development","Wednesday, August 17, 2022","Friday, September 16, 2022",High Skill,1,1,972,Male/Female,Age Unlimited,Full-Time,IT,Trading,Graduated,English,Good,,,,,Phnom Penh,,,,,,,30,Computer Science,Information Technology,,
Project Manager,"Thursday, September 8, 2022","Saturday, October 8, 2022",None,5,1,990,Male/Female,Age Unlimited,Full-Time,IT,Banking & Finance,Graduated,English,Good,,,,,Phnom Penh,,,,,,,30,Information Technology,,,
Junior Database Administrator,"Thursday, September 8, 2022","Saturday, October 8, 2022",None,1,1,562,Male/Female,Age Unlimited,Full-Time,IT,Banking & Finance,Graduated,English,Good,,,,,Phnom Penh,,,,,,,30,Computer Science,,,
"Supervisor, IT Business Applications","Wednesday, August 24, 2022","Friday, September 23, 2022",None,5,1,1449,Male/Female,Age Unlimited,Full-Time,IT,Food & Beverages,Graduated,English,Good,,,,,Phnom Penh,,,,,,,30,Computer Science,,,
"Engineer, IT Business Applications.","Wednesday, August 24, 2022","Friday, September 23, 2022",None,2,1,1045,Male/Female,Age Unlimited,Full-Time,IT,Food & Beverages,Graduated,English,Good,,,,,Phnom Penh,,,,,,,30,Computer Science,,,
"Engineer, BI & Data Analyst","Wednesday, August 24, 2022","Friday, September 23, 2022",None,2,1,1455,Male/Female,Age Unlimited,Full-Time,IT,Food & Beverages,Graduated,English,Good,,,,,Phnom Penh,,,,,,,30,Information Technology,Data Analytics,,
Senior Web Developer,"Friday, August 19, 2022","Sunday, September 18, 2022",High Skill,3,1,1388,Male/Female,Age Unlimited,Full-Time,IT,Banking & Finance,Graduated,English,Good,,,,,Phnom Penh,,,,,,,30,Computer Science,,,
Business Analyst ($300 - $700,"Wednesday, August 24, 2022","Friday, September 23, 2022",Low Skill,None,1,994,Male/Female,Age Unlimited,Full-Time,Administration,Electronics/Electrical/Mechanical Equipment,Graduated,English,Good,,,,,Phnom Penh,,,,,,,30,Data Science,,,
IT Network Officer,"Thursday, August 25, 2022","Saturday, September 24, 2022",None,2,1,1140,Male/Female,Age Unlimited,Full-Time,IT,Education,Graduated,English,Good,,,,,Phnom Penh,,,,,,,30,IT Engineering,,,
Supervisor- Core ERP,"Tuesday, August 30, 2022","Thursday, September 29, 2022",High Skill,3,1,574,Male/Female,Age Unlimited,Full-Time,IT,Food & Beverages,Graduated,English,Good,,,,,Phnom Penh,,,,,,,30,Computer Science,,,
Supervisor- IT Security and Compliance,"Tuesday, September 6, 2022","Thursday, October 6, 2022",High Skill,3,1,1261,Male/Female,Age Unlimited,Full-Time,IT,Food & Beverages,Graduated,English,Good,,,,,Phnom Penh,,,,,,,30,Information Technology,,,
FinTech Operation Specialist,"Wednesday, September 7, 2022","Friday, October 7, 2022",Low Skill,3,1,624,Male/Female,Age Unlimited,Full-Time,Operation/Production,Logistics/Freight/Shipping/Delivery/Warehouse,Graduated,English,Good,,,,,Phnom Penh,,,,,,,30,Information Technology,,,
Technical Support,"Thursday, August 25, 2022","Saturday, September 24, 2022",None,None,1,1325,Male/Female,Age Unlimited,Full-Time,Technician/Maintenance,Electronics/Electrical/Mechanical Equipment,Graduated,English,Good,,,,,Phnom Penh,,,,,,,30,Information Technology,,,
Mobile App Developer,"Thursday, September 1, 2022","Saturday, October 1, 2022",None,2,1,885,Male/Female,Age Unlimited,Full-Time,IT,Electronics/Electrical/Mechanical Equipment,Graduated,English,Good,,,,,Phnom Penh,,,,,,,30,Information Technology,,,
System Administrator (Cloud BASE),"Thursday, August 25, 2022","Saturday, September 24, 2022",None,None,1,1042,Male/Female,Age Unlimited,Full-Time,IT,Electronics/Electrical/Mechanical Equipment,Graduated,English,Good,,,,,Phnom Penh,,,,,,,30,Computer Science,,,
Backend Developer,"Thursday, September 1, 2022","Saturday, October 1, 2022",None,2,1,642,Male/Female,Age Unlimited,Full-Time,IT,Electronics/Electrical/Mechanical Equipment,Graduated,English,Good,,,,,Phnom Penh,,,,,,,30,Information Technology,,,
Automation Executive,"Thursday, August 18, 2022","Saturday, September 17, 2022",High Skill,3,1,946,Male/Female,Age Unlimited,Full-Time,Architecture/Engineering,Food & Beverages,Graduated,English,Good,,,,,Phnom Penh,,,,,,,30,Software Engineering,,,
Commercial Application Lead,"Tuesday, August 30, 2022","Thursday, September 29, 2022",High Skill,5,1,741,Male/Female,Age Unlimited,Full-Time,IT,Food & Beverages,Graduated,English,Good,,,,,Phnom Penh,,,,,,,30,Computer Science,,,
"Senior Officer, IT Audit","Wednesday, August 31, 2022","Friday, September 30, 2022",Low Skill,1,1,695,Male/Female,Age Unlimited,Full-Time,Audit/Taxation,Others,Graduated,English,Good,,,,,Phnom Penh,,,,,,,30,Computer Science,,,
IT Projectionist,"Wednesday, August 31, 2022","Friday, September 30, 2022",Low Skill,1,1,513,Male/Female,Age Unlimited,Full-Time,IT,Trading,Graduated,English,Good,,,,,Phnom Penh,,,,,,,30,Computer Science,,,
"Senior Associate, Software Engineering (JAVA)","Monday, August 22, 2022","Wednesday, September 21, 2022",High Skill,3,1,842,Male/Female,Age Unlimited,Full-Time,IT,Banking & Finance,Graduated,English,Good,,,,,Phnom Penh,,,,,,,30,Computer Science,,,
"Manager, Core/Traditional Banking Apps","Monday, August 15, 2022","Wednesday, September 14, 2022",High Skill,5,1,637,Male/Female,Age Unlimited,Full-Time,IT,Banking & Finance,Graduated,English,Good,,,,,Phnom Penh,,,,,,,30,Information Technology,,,
"Manager, IT Security and Governance","Wednesday, August 17, 2022","Friday, September 16, 2022",High Skill,5,1,1187,Male/Female,Age Unlimited,Full-Time,IT,Banking & Finance,Graduated,English,Good,,,,,Phnom Penh,,,,,,,30,Information Technology,,,
"Associate, IT Assurance (Security)","Wednesday, August 17, 2022","Friday, September 16, 2022",High Skill,3,1,764,Male/Female,Age Unlimited,Full-Time,IT,Banking & Finance,Graduated,English,Good,,,,,Phnom Penh,,,,,,,30,Information Technology,,,
Sales System Administrator,"Thursday, September 1, 2022","Saturday, October 1, 2022",Low Skill,3,1,605,Male/Female,Age Unlimited,Full-Time,Administration,Food & Beverages,Graduated,English,Good,,,,,Phnom Penh,,,,,,,30,Information Technology,,,
Senior API Specialist,"Sunday, August 21, 2022","Tuesday, September 20, 2022",High Skill,3,1,941,Male/Female,Age Unlimited,Full-Time,IT,Telecommunication,Graduated,English,Good,,,,,Phnom Penh,,,,,,,30,Computer Science,Software Engineering,,
Java Developer,"Tuesday, August 16, 2022","Thursday, September 15, 2022",High Skill,2,1,1396,Male/Female,Age Unlimited,Full-Time,IT,Information Technology,Graduated,English,Good,,,,,Phnom Penh,,,,,,,30,Information Technology,,,
"Senior Officer, iOS Developer","Tuesday, August 16, 2022","Thursday, September 15, 2022",High Skill,3,1,713,Male/Female,Age Unlimited,Full-Time,IT,Banking & Finance,Graduated,English,Good,,,,,Phnom Penh,,,,,,,30,Computer Science,,,
"Senior Officer, Database Administrator","Tuesday, August 16, 2022","Thursday, September 15, 2022",High Skill,None,1,1389,Male/Female,Age Unlimited,Full-Time,Administration,Banking & Finance,Graduated,English,Good,,,,,Phnom Penh,,,,,,,30,Computer Science,,,
Inventory & Onboarding Manager,"Wednesday, August 17, 2022","Friday, September 16, 2022",Medium Skill,3,1,830,Female,Age Unlimited,Full-Time,Management,Logistics/Freight/Shipping/Delivery/Warehouse,Graduated,English,Good,,,,,Phnom Penh,,,,,,,30,Information Technology,,,
"Officer, IT Audit","Tuesday, August 16, 2022","Thursday, September 15, 2022",Medium Skill,None,1,726,Female,Age Unlimited,Full-Time,Accounting,Banking & Finance,Graduated,English,Good,,,,,Phnom Penh,,,,,,,30,Information Technology,,,
"Specialist, IT Governance and Compliance","Tuesday, August 16, 2022","Thursday, September 15, 2022",High Skill,3,1,535,Female,Age Unlimited,Full-Time,IT,Banking & Finance,Graduated,English,Good,,,,,Phnom Penh,,,,,,,30,Computer Science,,,
Ass IT infra Manager,"Thursday, August 25, 2022","Saturday, September 24, 2022",Medium Skill,5,1,1090,Male,At least 30,Full-Time,IT,Food & Beverages,Graduated,English,Good,,,,,Phnom Penh,,,,,,,30,Information Technology,,,
Video Editor- Agrotech Vita,"Monday, September 5, 2022","Wednesday, October 5, 2022",Medium Skill,2,1,948,Male,At least 25,Full-Time,IT,Trading,Graduated,English,Good,,,,,Phnom Penh,,,,,,,30,Computer Science,,,
"Officer, IT Infrastructure","Friday, August 19, 2022","Sunday, September 18, 2022",Low Skill,2,1,557,Male,At least 25,Full-Time,Bank/Insurance,Banking & Finance,Graduated,English,Good,,,,,Phnom Penh,,,,,,,30,Information Technology,Computer Science,,
Video Editor- Agrotech Vita,"Monday, September 12, 2022","Wednesday, October 12, 2022",Medium Skill,2,1,861,Male,At least 25,Full-Time,Trading,Trading,Graduated,English,Good,,,,,Phnom Penh,,,,,,,30,Information Technology,,,
Hardware Technician,"Thursday, September 8, 2022","Saturday, October 8, 2022",Medium Skill,2,1,1463,Male,At least 18,Full-Time,Technician/Maintenance,Telecommunication,Graduated,English,Good,,,,,Phnom Penh,,,,,,,30,Computer Science,Information Technology,,
Software Technician,"Thursday, September 8, 2022","Saturday, October 8, 2022",Medium Skill,2,1,794,Male,At least 18,Full-Time,IT,Telecommunication,Graduated,English,Good,,,,,Phnom Penh,,,,,,,30,Computer Science,Information Technology,,
Corporate Sales Executive,"Monday, August 15, 2022","Wednesday, September 14, 2022",High Skill,2,1,966,Male/Female,At least 18,Full-Time,Sales,Information Technology,Graduated,English,Good,,,,,Phnom Penh,,,,,,,30,Information Technology,,,
Graphic designer,"Thursday, September 8, 2022","Saturday, October 8, 2022",Medium Skill,2,1,1196,Male/Female,At least 18,Full-Time,Design,Telecommunication,Graduated,English,Good,,,,,Phnom Penh,,,,,,,30,Computer Science,Information Technology,,
IT Officer,"Thursday, September 8, 2022","Saturday, October 8, 2022",Medium Skill,2,1,1240,Male/Female,At least 18,Full-Time,IT,Telecommunication,Graduated,English,Good,,,,,Phnom Penh,,,,,,,30,Information Technology,,,
Backend Developer,"Friday, August 26, 2022","Sunday, September 25, 2022",Medium Skill,2,1,574,Male/Female,At least 18,Full-Time,IT,Education,Graduated,English,Good,,,,,Phnom Penh,,,,,,,30,Computer Science,,,
Quality Assurance Officer,"Monday, August 29, 2022","Wednesday, September 28, 2022",Medium Skill,2,1,1011,Male/Female,At least 18,Full-Time,QC/QA,Banking & Finance,Graduated,English,Good,,,,,Phnom Penh,,,,,,,30,Information Technology,,,
IT SENIOR OFFICER,"Wednesday, September 7, 2022","Friday, October 7, 2022",Medium Skill,3,1,653,Male/Female,At least 18,Full-Time,IT,General Business Services,Graduated,English,Good,,,,,Phnom Penh,,,,,,,30,Computer Science,Information Technology,,
"Senior Officer, System Admin - 01 Post.","Thursday, August 18, 2022","Saturday, September 17, 2022",High Skill,2,1,1339,Male/Female,At least 18,Full-Time,Bank/Insurance,Banking & Finance,Graduated,English,Good,,,,,Phnom Penh,,,,,,,30,Computer Science,,,
"Senior Unit Manager, Network and Telecommunication - 01 post .","Wednesday, August 17, 2022","Friday, September 16, 2022",High Skill,5,1,1073,Male/Female,At least 18,Full-Time,Bank/Insurance,Banking & Finance,Graduated,English,Good,,,,,Phnom Penh,,,,,,,30,Information Technology,,,
"Specialist, IT & Digital Risk Management - 01 post.","Tuesday, August 23, 2022","Thursday, September 22, 2022",High Skill,1,1,1354,Male/Female,At least 18,Full-Time,Bank/Insurance,Banking & Finance,Graduated,English,Good,,,,,Phnom Penh,,,,,,,30,Information Technology,,,
Transmission Backbone Field Ops Engineer,"Tuesday, August 30, 2022","Thursday, September 29, 2022",High Skill,3,1,1303,Male/Female,At least 18,Full-Time,Telecommunication,Telecommunication,Graduated,English,Good,,,,,Phnom Penh,,,,,,,30,Telecoms and Networking,Information Technology,,
IT PROGRAMMAR (Monthly salary can be negotiated),"Tuesday, August 23, 2022","Thursday, September 22, 2022",Medium Skill,2,1,615,Male/Female,At least 18,Full-Time,IT,Banking & Finance,Graduated,English,Good,,,,,Phnom Penh,,,,,,,30,Information Technology,,,
"Supervisor, Enterprise Services and Middleware Administration - 01 post.","Thursday, August 18, 2022","Saturday, September 17, 2022",High Skill,2,1,886,Male/Female,At least 18,Full-Time,Bank/Insurance,Banking & Finance,Graduated,English,Good,,,,,Phnom Penh,,,,,,,30,Computer Science,,,
"Officer, Mobile Banking Support - 01 post.","Friday, August 12, 2022","Sunday, September 11, 2022",Medium Skill,1,1,1274,Male/Female,At least 18,Full-Time,Bank/Insurance,Banking & Finance,Graduated,English,Good,,,,,Phnom Penh,,,,,,,30,Computer Science,,,
Senior IT Programmer,"Friday, September 9, 2022","Sunday, October 9, 2022",Medium Skill,1,1,1154,Male/Female,At least 18,Full-Time,IT,Real Estate,Graduated,English,Good,,,,,Phnom Penh,,,,,,,30,Information Technology,,,
IT Help Desk & Training Executive,"Friday, September 2, 2022","Sunday, October 2, 2022",Medium Skill,2,1,500,Male/Female,At least 25,Full-Time,IT,Real Estate,Graduated,English,Good,,,,,Phnom Penh,,,,,,,30,Computer Science,Information Technology,,
Infrastructure & Security Senior Officer,"Thursday, September 1, 2022","Saturday, October 1, 2022",High Skill,2,1,1205,Male/Female,At least 25,Full-Time,IT,Real Estate,Graduated,English,Good,,,,,Phnom Penh,,,,,,,30,Information Technology,Computer Science,,
Business Intelligence Senior Officer,"Thursday, September 1, 2022","Saturday, October 1, 2022",High Skill,2,1,926,Male/Female,At least 25,Full-Time,IT,Real Estate,Graduated,English,Good,,,,,Phnom Penh,,,,,,,30,Information Technology,,,
BUSINESS ANALYST,"Thursday, September 1, 2022","Saturday, October 1, 2022",High Skill,2,1,521,Male/Female,At least 25,Full-Time,IT,Real Estate,Graduated,English,Good,,,,,Phnom Penh,,,,,,,30,Computer Science,,,
"Officer, Graphic Design","Thursday, September 1, 2022","Saturday, October 1, 2022",Low Skill,1,1,1291,Male/Female,At least 18,Full-Time,Media/Advertising,Real Estate,Graduated,English,Good,,,,,Phnom Penh,,,,,,,30,Computer Science,,,
Senior Sales Executive,"Thursday, September 1, 2022","Saturday, October 1, 2022",High Skill,1,1,1018,Male/Female,At least 18,Full-Time,Sales,Real Estate,Graduated,English,Good,,,,,Phnom Penh,,,,,,,30,Information Technology,,,
Quality Assurance Senior Officer,"Thursday, September 1, 2022","Saturday, October 1, 2022",High Skill,2,1,819,Male/Female,At least 25,Full-Time,IT,Real Estate,Graduated,English,Good,,,,,Phnom Penh,,,,,,,30,Information Technology,,,
Laravel Developer,"Thursday, September 1, 2022","Saturday, October 1, 2022",Medium Skill,1,1,1151,Male/Female,At least 18,Full-Time,IT,Real Estate,Graduated,English,Good,,,,,Phnom Penh,,,,,,,30,Software Engineering,,,
"Senior, Web Developer","Thursday, September 8, 2022","Saturday, October 8, 2022",Low Skill,2,1,1248,Male,At least 18,Full-Time,IT,Real Estate,Graduated,English,Good,,,,,Phnom Penh,,,,,,,30,Computer Science,Information Technology,,
"Head, Marketing","Thursday, September 1, 2022","Saturday, October 1, 2022",High Skill,7,1,1439,Male/Female,At least 25,Full-Time,Marketing,Real Estate,Graduated,English,Excellent,,,,,Phnom Penh,,,,,,,30,Computer Science,,,
Senior Digital Marketing Executive,"Wednesday, September 7, 2022","Friday, October 7, 2022",Medium Skill,2,1,1185,Male/Female,Age Unlimited,Full-Time,Media/Advertising,Manufacturing,Graduated,English,Excellent,,,,,Phnom Penh,,,,,,,30,Information Technology,,,
Sale Admin,"Saturday, August 27, 2022","Monday, September 26, 2022",Medium Skill,2,1,818,Male/Female,At least 18,Full-Time,Sales,Information Technology,Graduated,English,Excellent,,,,,Phnom Penh,,,,,,,30,Information Technology,,,
IT Officer (Food Industry),"Monday, August 22, 2022","Wednesday, September 21, 2022",Medium Skill,1,1,571,Male,At least 18,Full-Time,IT,Automotive - Vehicle,Graduated,English,Fair,,,,,Phnom Penh,,,,,,,30,Information Technology,,,
Digital Marketing Executive,"Friday, September 2, 2022","Sunday, October 2, 2022",Medium Skill,1,1,883,Male/Female,At least 18,Full-Time,Marketing,Food & Beverages,Graduated,English,Fair,,,,,Phnom Penh,,,,,,,30,Information Technology,,,
"Officer, Java Developer - 02Posts.","Friday, August 12, 2022","Sunday, September 11, 2022",Medium Skill,1,1,1296,Male/Female,At least 18,Full-Time,Bank/Insurance,Banking & Finance,Graduated,English,Fair,,,,,Phnom Penh,,,,,,,30,Computer Science,Information Technology,,
"Officer, Dispute Resolution with Partner - 01 post.","Wednesday, August 17, 2022","Friday, September 16, 2022",Medium Skill,1,1,1227,Male/Female,At least 18,Full-Time,Bank/Insurance,Banking & Finance,Graduated,English,Fair,,,,,Phnom Penh,,,,,,,30,Computer Science,,,
"Officer, Payment Support - 01 post.","Wednesday, August 17, 2022","Friday, September 16, 2022",Medium Skill,1,1,920,Male/Female,At least 18,Full-Time,Bank/Insurance,Banking & Finance,Graduated,English,Fair,,,,,Phnom Penh,,,,,,,30,Computer Science,,,
Senior Graphic Designer,"Thursday, September 8, 2022","Saturday, October 8, 2022",High Skill,2,1,925,Male/Female,Age Unlimited,Full-Time,Marketing,Banking & Finance,None,English,Good,,,,,Phnom Penh,,,,,,,30,Information Technology,,,
Quality Assurance Officer,"Thursday, September 8, 2022","Saturday, October 8, 2022",None,1,1,1340,Male/Female,Age Unlimited,Full-Time,Marketing,Banking & Finance,None,English,Fair,,,,,Phnom Penh,,,,,,,30,Information Technology,Computer Science,,
Graphic Design-Itinerary,"Thursday, September 8, 2022","Saturday, October 8, 2022",Medium Skill,1,1,1396,Male/Female,At least 18,Full-Time,Design,Tourism,Graduated,English,Excellent,,,,,Phnom Penh,,,,,,,30,Computer Science,,,
Graphic Design-Itinerary,"Thursday, September 8, 2022","Saturday, October 8, 2022",Medium Skill,1,1,828,Male/Female,At least 18,Full-Time,Design,Tourism,Graduated,English,Excellent,,,,,Phnom Penh,,,,,,,30,Computer Science,,,
Back-end Developer Up to $1000,"Wednesday, August 17, 2022","Friday, September 16, 2022",High Skill,2,1,628,Male/Female,At least 18,Full-Time,IT,Human Resource,Graduated,English,Good,,,,,Phnom Penh,,,,,,,30,Computer Science,,,
IT Application Support Trainee,"Thursday, August 18, 2022","Saturday, September 17, 2022",Low Skill,None,1,1022,Male/Female,Age Unlimited,Short-Time,IT,Banking & Finance,None,English,Good,,,,,Phnom Penh,,,,,,,30,Information Technology,,,
IT Officer បុគ្គលិកពតិមានវិទ្យា ($200 - $ 500),"Friday, August 12, 2022","Sunday, September 11, 2022",Low Skill,1,1,946,Male/Female,At least 18,Full-Time,IT,Electronics/Electrical/Mechanical Equipment,Graduated,English,Good,,,,,Phnom Penh,,,,,,,30,Information Technology,,,
Digital Marketing ( 200-300$),"Friday, September 9, 2022","Sunday, October 9, 2022",Low Skill,1,1,1205,Male/Female,Age Unlimited,Full-Time,Marketing,Human Resource,Graduated,English,Good,,,,,Phnom Penh,,,,,,,30,Information Technology,,,
Graphic designer,"Friday, August 26, 2022","Sunday, September 25, 2022",Medium Skill,2,1,881,Male/Female,Age Unlimited,Full-Time,Design,Food & Beverages,Graduated,English,Good,,,,,Phnom Penh,,,,,,,30,Information Technology,,,
IT Officer បុគ្គលិកពតិមានវិទ្យា ($200 - $ 500),"Monday, September 12, 2022","Wednesday, October 12, 2022",Low Skill,1,1,1296,Male/Female,At least 18,Full-Time,Electronics/Electrical/Mechanical Equipment,Electronics/Electrical/Mechanical Equipment,Graduated,English,Good,,,,,Phnom Penh,,,,,,,30,Information Technology,,,
Junior IT Administrator (1 position),"Wednesday, August 17, 2022","Thursday, September 15, 2022",Low Skill,None,1,1192,Male/Female,Age Unlimited,Full-Time,Others,Health/Personal Care,Undergraduate,English,Fair,,,,,Phnom Penh,,,,,,,29,Information Technology,,,
IT Officer,"Monday, September 5, 2022","Tuesday, October 4, 2022",Medium Skill,None,1,1236,Male/Female,Age Unlimited,Full-Time,IT,Food & Beverages,Graduated,English,Fair,,,,,Phnom Penh,,,,,,,29,Information Technology,,,
Web and App Developer,"Thursday, September 8, 2022","Sunday, September 18, 2022",Medium Skill,2,1,695,Male/Female,Age Unlimited,Full-Time,IT,Wholesale/Retail,Graduated,English,Good,,,,,Phnom Penh,,,,,,,10,Information Technology,Computer Science,,
"Manager, Database Administration","Wednesday, September 7, 2022","Saturday, September 17, 2022",High Skill,3,1,879,Male/Female,Age Unlimited,Full-Time,Administration,Human Resource,Graduated,English,Good,,,,,Phnom Penh,,,,,,,10,Information Technology,,,
"Manager, Core Banking Administration (T24)","Wednesday, September 7, 2022","Saturday, September 17, 2022",High Skill,3,1,1234,Male/Female,Age Unlimited,Full-Time,Management,Human Resource,Graduated,English,Good,,,,,Phnom Penh,,,,,,,10,Computer Science,,,
"Senior Officer, New Solution Security","Friday, September 2, 2022","Friday, September 16, 2022",High Skill,2,1,1426,Male/Female,Age Unlimited,Full-Time,IT,Banking & Finance,Graduated,English,Good,,,,,Phnom Penh,,,,,,,14,Computer Science,,,
"Senior Officer, Infrastructure and Systems","Friday, September 2, 2022","Friday, September 16, 2022",High Skill,2,1,942,Male/Female,Age Unlimited,Full-Time,IT,Banking & Finance,Graduated,English,Good,,,,,Phnom Penh,,,,,,,14,Information Technology,,,
"Manager, Information Security","Wednesday, August 31, 2022","Friday, September 16, 2022",High Skill,4,1,945,Male/Female,Age Unlimited,Full-Time,IT,Banking & Finance,Graduated,English,Good,,,,,Phnom Penh,,,,,,,16,Computer Science,,,
Software Developer ( Backend ) ( Project Staff 1 year Contract ),"Thursday, September 8, 2022","Thursday, September 22, 2022",Medium Skill,None,1,1156,Male/Female,Age Unlimited,Full-Time,IT,Banking & Finance,Graduated,English,Good,,,,,Phnom Penh,,,,,,,14,Computer Science,Information Technology,,
Senior System Integration Engineer,"Wednesday, September 7, 2022","Wednesday, September 21, 2022",Medium Skill,1,1,560,Male/Female,Age Unlimited,Full-Time,IT,Banking & Finance,Graduated,English,Good,,,,,Phnom Penh,,,,,,,14,Computer Science,Information Technology,,
Senior Software and Business Analyst,"Wednesday, September 7, 2022","Wednesday, September 21, 2022",Medium Skill,2,1,1072,Male/Female,Age Unlimited,Full-Time,IT,Banking & Finance,Graduated,English,Good,,,,,Phnom Penh,,,,,,,14,Computer Science,,,
Software Developer ( Mobile ),"Wednesday, September 7, 2022","Wednesday, September 21, 2022",Medium Skill,2,1,655,Male/Female,Age Unlimited,Full-Time,IT,Banking & Finance,Graduated,English,Good,,,,,Phnom Penh,,,,,,,14,Computer Science,Information Technology,,
UX/UI Specialist,"Wednesday, September 7, 2022","Wednesday, September 21, 2022",Medium Skill,None,1,829,Male/Female,Age Unlimited,Full-Time,IT,Banking & Finance,Graduated,English,Good,,,,,Phnom Penh,,,,,,,14,Computer Science,Information Technology,,
Software Developer ( Senior TDE ),"Wednesday, September 7, 2022","Wednesday, September 21, 2022",Medium Skill,2,1,864,Male/Female,Age Unlimited,Full-Time,IT,Banking & Finance,Graduated,English,Good,,,,,Phnom Penh,,,,,,,14,Computer Science,,,
"Officer, Technical Support & Project Implementation Unit","Saturday, September 3, 2022","Thursday, September 15, 2022",Medium Skill,1,1,1401,Male/Female,Age Unlimited,Full-Time,Bank/Insurance,Banking & Finance,Graduated,English,Good,,,,,Phnom Penh,,,,,,,12,Computer Science,Information Technology,,
Senior System Administrator,"Monday, August 29, 2022","Monday, September 12, 2022",Low Skill,2,1,1487,Male/Female,Age Unlimited,Full-Time,Bank/Insurance,Banking & Finance,Graduated,English,Good,,,,,Phnom Penh,,,,,,,14,Information Technology,,,
Python/JavaScript Software Engineer ($550 to $750),"Monday, August 22, 2022","Tuesday, September 20, 2022",Low Skill,None,1,1493,Male/Female,Age Unlimited,Full-Time,Architecture/Engineering,Information Technology,Graduated,English,Good,,,,,Phnom Penh,,,,,,,29,Information Technology,,,
Project Manager ( $1500 - $3000),"Thursday, September 8, 2022","Friday, October 7, 2022",Medium Skill,None,1,859,Male/Female,Age Unlimited,Full-Time,IT,Banking & Finance,Graduated,English,Good,,,,,Phnom Penh,,,,,,,29,Information Technology,,,
Senior UX/UI Designer,"Thursday, September 8, 2022","Friday, October 7, 2022",Medium Skill,2,1,696,Male/Female,Age Unlimited,Full-Time,IT,Information Technology,Graduated,English,Good,,,,,Phnom Penh,,,,,,,29,Information Technology,,,
"Head, IT","Monday, August 15, 2022","Tuesday, September 13, 2022",High Skill,5,1,1324,Male/Female,Age Unlimited,Full-Time,IT,Insurance,Graduated,English,Good,,,,,Phnom Penh,,,,,,,29,Information Technology,Computer Science,,
IT Manager,"Thursday, September 8, 2022","Friday, October 7, 2022",High Skill,3,1,616,Male/Female,Age Unlimited,Full-Time,IT,Hotel/Hospitality,Graduated,English,Good,,,,,Phnom Penh,,,,,,,29,Information Technology,,,
IT and Graphic Design Officer,"Thursday, September 1, 2022","Friday, September 30, 2022",Low Skill,4,1,1131,Male/Female,Age Unlimited,Full-Time,IT,Education,Graduated,English,Good,,,,,Phnom Penh,,,,,,,29,Information Technology,,,
Maintenance Staff,"Wednesday, August 31, 2022","Thursday, September 29, 2022",Low Skill,2,1,801,Male/Female,Age Unlimited,Full-Time,Technician/Maintenance,Property Development/Management,Graduated,English,Good,,,,,Phnom Penh,,,,,,,29,Computer Science,,,
IT Support Officer,"Monday, August 29, 2022","Tuesday, September 27, 2022",Medium Skill,3,1,800,Male/Female,Age Unlimited,Full-Time,IT,Education,Graduated,English,Good,,,,,Phnom Penh,,,,,,,29,Computer Science,,,
"Senior Manager, Internal Audit - IT","Wednesday, September 7, 2022","Saturday, September 17, 2022",High Skill,5,1,849,Male/Female,Age Unlimited,Full-Time,Audit/Taxation,Human Resource,Graduated,None,,,,,,Phnom Penh,,,,,,,10,Computer Science,,,
Senior Android Developer,"Friday, September 9, 2022","Friday, September 16, 2022",High Skill,2,1,1050,Male/Female,Age Unlimited,Full-Time,IT,Banking & Finance,Graduated,None,,,,,,Phnom Penh,,,,,,,7,Information Technology,,,
"Senior Officer, ESB & Core Banking System Unit","Saturday, September 3, 2022","Thursday, September 15, 2022",High Skill,3,1,536,Male/Female,Age Unlimited,Full-Time,IT,Banking & Finance,Graduated,None,,,,,,Phnom Penh,,,,,,,12,Information Technology,,,
Senior Backend Developer at an International Software Solution Provider Services Company in Phnom Penh,"Tuesday, September 6, 2022","Thursday, October 6, 2022",Medium Skill,4,1,810,Male/Female,Age Unlimited,Full-Time,IT,General Business Services,Graduated,Khmer,Mother Tongue,,,,,Phnom Penh,,,,,,,30,Computer Science,,,
"WEB DEVELOPER (800$ - 1,200$)","Monday, September 12, 2022","Wednesday, October 12, 2022",High Skill,1,1,772,Male/Female,Age Unlimited,Full-Time,Information Technology,Information Technology,Graduated,Khmer,Good,,,,,Phnom Penh,,,,,,,30,Information Technology,,,
"Technician, Digital Media","Friday, September 9, 2022","Sunday, October 9, 2022",Low Skill,None,1,1247,Male/Female,Age Unlimited,Full-Time,Media/Advertising,Trading,None,None,,,,,,Phnom Penh,,,,,,,30,Information Technology,,,
Linux Infrastructure Engineer,"Thursday, September 8, 2022","Saturday, October 8, 2022",None,None,1,761,Male/Female,Age Unlimited,Full-Time,IT,Information Technology,Graduated,None,,,,,,Phnom Penh,,,,,,,30,Computer Science,,,
Web UX/UI Designer,"Friday, September 9, 2022","Sunday, October 9, 2022",Medium Skill,1,1,1140,Male/Female,Age Unlimited,Full-Time,IT,Banking & Finance,Graduated,None,,,,,,Phnom Penh,,,,,,,30,Information Technology,Computer Science,,
Backend Tech Lead,"Friday, September 9, 2022","Sunday, October 9, 2022",High Skill,3,1,1282,Male/Female,Age Unlimited,Full-Time,IT,Banking & Finance,Graduated,None,,,,,,Phnom Penh,,,,,,,30,Computer Science,,,
Product Development Specialist,"Monday, August 22, 2022","Wednesday, September 21, 2022",High Skill,1,1,1246,Male/Female,Age Unlimited,Full-Time,IT,Banking & Finance,Graduated,None,,,,,,Phnom Penh,,,,,,,30,Information Technology,,,
Quality Assurance Executive,"Monday, August 29, 2022","Wednesday, September 28, 2022",Medium Skill,1,1,1340,Male/Female,Age Unlimited,Full-Time,IT,Banking & Finance,Graduated,None,,,,,,Phnom Penh,,,,,,,30,Computer Science,,,
Senior Full Stack Developer,"Monday, August 22, 2022","Wednesday, September 21, 2022",Medium Skill,3,1,1270,Male/Female,Age Unlimited,Full-Time,IT,Banking & Finance,Graduated,None,,,,,,Phnom Penh,,,,,,,30,Computer Science,Information Technology,,
Senior iOS Developer,"Monday, August 22, 2022","Wednesday, September 21, 2022",Medium Skill,3,1,1160,Male/Female,Age Unlimited,Full-Time,IT,Banking & Finance,Graduated,None,,,,,,Phnom Penh,,,,,,,30,Computer Science,,,
Senior Mobile Flutter Developer,"Monday, August 22, 2022","Wednesday, September 21, 2022",None,None,1,1019,Male/Female,Age Unlimited,Full-Time,IT,Banking & Finance,None,None,,,,,,Phnom Penh,,,,,,,30,Computer Science,,,
DevOps Engineer Lead,"Monday, August 22, 2022","Wednesday, September 21, 2022",High Skill,3,1,1370,Male/Female,Age Unlimited,Full-Time,IT,Banking & Finance,Graduated,None,,,,,,Phnom Penh,,,,,,,30,Computer Science,,,
Frontend Developer,"Monday, August 22, 2022","Wednesday, September 21, 2022",Medium Skill,1,1,1156,Male/Female,Age Unlimited,Full-Time,IT,Banking & Finance,Graduated,None,,,,,,Phnom Penh,,,,,,,30,Computer Science,,,
Digital Media Specialist,"Monday, August 22, 2022","Wednesday, September 21, 2022",None,1,1,513,Male/Female,Age Unlimited,Full-Time,Marketing,Banking & Finance,None,None,,,,,,Phnom Penh,,,,,,,30,Information Technology,,,
Senior Quality Assurance,"Monday, August 22, 2022","Wednesday, September 21, 2022",Medium Skill,4,1,1010,Male/Female,Age Unlimited,Full-Time,IT,Banking & Finance,Graduated,None,,,,,,Phnom Penh,,,,,,,30,Computer Science,,,
Senior Data Steward,"Thursday, September 8, 2022","Saturday, October 8, 2022",High Skill,3,1,1454,Male/Female,Age Unlimited,Full-Time,IT,Banking & Finance,Graduated,None,,,,,,Phnom Penh,,,,,,,30,Information Technology,,,
Data Steward,"Thursday, September 8, 2022","Saturday, October 8, 2022",Medium Skill,1,1,713,Male/Female,Age Unlimited,Full-Time,IT,Banking & Finance,Graduated,None,,,,,,Phnom Penh,,,,,,,30,Information Technology,,,
Senior Mobile Frontend Developer (iOS),"Thursday, September 1, 2022","Saturday, October 1, 2022",None,3,1,1020,Male/Female,Age Unlimited,Full-Time,IT,Banking & Finance,Graduated,None,,,,,,Phnom Penh,,,,,,,30,Computer Science,,,
Quality Assurance,"Friday, August 19, 2022","Sunday, September 18, 2022",Medium Skill,1,1,1314,Male/Female,Age Unlimited,Full-Time,IT,Banking & Finance,Graduated,None,,,,,,Phnom Penh,,,,,,,30,Computer Science,,,
Mobile Developer,"Friday, August 19, 2022","Sunday, September 18, 2022",Medium Skill,1,1,1499,Male/Female,Age Unlimited,Full-Time,IT,Banking & Finance,Graduated,None,,,,,,Phnom Penh,,,,,,,30,Computer Science,,,
Test Automation Developer,"Friday, August 19, 2022","Sunday, September 18, 2022",Medium Skill,1,1,1152,Male/Female,Age Unlimited,Full-Time,IT,Banking & Finance,None,None,,,,,,Phnom Penh,,,,,,,30,Computer Science,,,
iOS Developer,"Monday, August 22, 2022","Wednesday, September 21, 2022",Medium Skill,1,1,795,Male/Female,Age Unlimited,Full-Time,IT,Banking & Finance,Graduated,None,,,,,,Phnom Penh,,,,,,,30,Computer Science,,,
Full Stack Developer,"Monday, August 22, 2022","Wednesday, September 21, 2022",Medium Skill,1,1,1193,Male/Female,Age Unlimited,Full-Time,IT,Banking & Finance,Graduated,None,,,,,,Phnom Penh,,,,,,,30,Computer Science,Information Technology,,
"System Developer, Python","Monday, August 22, 2022","Wednesday, September 21, 2022",None,1,1,678,Male/Female,Age Unlimited,Full-Time,IT,Banking & Finance,Graduated,None,,,,,,Phnom Penh,,,,,,,30,Computer Science,,,
Senior Product Owner,"Wednesday, August 17, 2022","Friday, September 16, 2022",None,None,1,645,Male/Female,Age Unlimited,Full-Time,IT,Banking & Finance,None,None,,,,,,Phnom Penh,,,,,,,30,Computer Science,,,
Senior System Developer,"Monday, August 15, 2022","Wednesday, September 14, 2022",None,2,1,556,Male/Female,Age Unlimited,Full-Time,IT,Banking & Finance,Graduated,None,,,,,,Phnom Penh,,,,,,,30,Computer Science,,,
Senior Test Automation Developer,"Friday, August 19, 2022","Sunday, September 18, 2022",High Skill,2,1,1248,Male/Female,Age Unlimited,Full-Time,IT,Banking & Finance,Graduated,None,,,,,,Phnom Penh,,,,,,,30,Computer Science,,,
B2B E-Commerce Business Development Manager,"Monday, August 15, 2022","Wednesday, September 14, 2022",High Skill,3,1,1128,Male/Female,Age Unlimited,Full-Time,Sales,Banking & Finance,Graduated,None,,,,,,Phnom Penh,,,,,,,30,Information Systems,,,
System Developer - Backend,"Monday, September 5, 2022","Wednesday, October 5, 2022",None,None,1,634,Male/Female,Age Unlimited,Full-Time,IT,Banking & Finance,None,None,,,,,,Phnom Penh,,,,,,,30,Computer Science,,,
Flutter Developer,"Monday, August 22, 2022","Wednesday, September 21, 2022",Medium Skill,2,1,1373,Male/Female,Age Unlimited,Full-Time,IT,Banking & Finance,Graduated,None,,,,,,Phnom Penh,,,,,,,30,Computer Science,,,
API Developer,"Monday, September 5, 2022","Wednesday, October 5, 2022",None,None,1,1448,Male/Female,Age Unlimited,Full-Time,IT,Banking & Finance,None,None,,,,,,Phnom Penh,,,,,,,30,Computer Science,,,
Senior IT Auditor,"Tuesday, August 30, 2022","Thursday, September 29, 2022",High Skill,2,1,534,Male/Female,Age Unlimited,Full-Time,IT,Banking & Finance,Graduated,None,,,,,,Phnom Penh,,,,,,,30,Computer Science,,,
Mobile Frontend Developer (Android),"Monday, August 29, 2022","Wednesday, September 28, 2022",Medium Skill,1,1,696,Male/Female,Age Unlimited,Full-Time,IT,Banking & Finance,Graduated,None,,,,,,Phnom Penh,,,,,,,30,Computer Science,Information Technology,,
Senior Backend Developer,"Monday, August 29, 2022","Wednesday, September 28, 2022",High Skill,4,1,801,Male/Female,Age Unlimited,Full-Time,IT,Banking & Finance,Graduated,None,,,,,,Phnom Penh,,,,,,,30,Computer Science,,,
Product Owner,"Monday, August 29, 2022","Wednesday, September 28, 2022",None,None,1,698,Male/Female,Age Unlimited,Full-Time,IT,Banking & Finance,None,None,,,,,,Phnom Penh,,,,,,,30,Computer Science,,,
Senior Web Backend Developer,"Monday, August 29, 2022","Wednesday, September 28, 2022",Medium Skill,3,1,558,Male/Female,Age Unlimited,Full-Time,IT,Banking & Finance,Graduated,None,,,,,,Phnom Penh,,,,,,,30,Computer Science,Information Technology,,
Frontend Web Developer,"Friday, August 26, 2022","Sunday, September 25, 2022",Medium Skill,1,1,542,Male/Female,Age Unlimited,Full-Time,IT,Banking & Finance,Graduated,None,,,,,,Phnom Penh,,,,,,,30,Computer Science,Information Technology,,
Senior Frontend Web Developer,"Monday, August 29, 2022","Wednesday, September 28, 2022",High Skill,3,1,1321,Male/Female,Age Unlimited,Full-Time,IT,Banking & Finance,Graduated,None,,,,,,Phnom Penh,,,,,,,30,Computer Science,,,
CCTV Officer,"Friday, August 26, 2022","Sunday, September 25, 2022",Medium Skill,2,3,870,Male/Female,Age Unlimited,Full-Time,Administration,Food & Beverages,Graduated,None,,,,,,Phnom Penh,,,,,,,30,Information Technology,,,
Terminal Technical Officer,"Monday, August 29, 2022","Wednesday, September 28, 2022",Medium Skill,1,2,1256,Male/Female,Age Unlimited,Full-Time,IT,Banking & Finance,Graduated,None,,,,,,Phnom Penh,,,,,,,30,Information Technology,,,
Data Engineer,"Friday, August 19, 2022","Sunday, September 18, 2022",None,None,2,997,Male/Female,Age Unlimited,Full-Time,IT,Banking & Finance,None,None,,,,,,Phnom Penh,,,,,,,30,Information Technology,,,
Data Engineer,"Monday, September 5, 2022","Wednesday, October 5, 2022",None,None,2,914,Male/Female,Age Unlimited,Full-Time,IT,Banking & Finance,None,None,,,,,,Phnom Penh,,,,,,,30,Information Technology,,,
Data Analyst,"Monday, August 29, 2022","Wednesday, September 28, 2022",High Skill,None,2,1102,Male/Female,Age Unlimited,Full-Time,IT,Banking & Finance,None,None,,,,,,Phnom Penh,,,,,,,30,Information Technology,,,
Web Publisher,"Friday, August 12, 2022","Sunday, September 11, 2022",Medium Skill,2,5,1071,Male/Female,At least 18,Full-Time,IT,Information Technology,Graduated,None,,,,,,Phnom Penh,,,,,,,30,Computer Science,,,
"Mobile Developer ($300 ~ $1,200)","Friday, August 12, 2022","Sunday, September 11, 2022",Medium Skill,2,5,1022,Male/Female,At least 18,Full-Time,IT,Information Technology,Graduated,None,,,,,,Phnom Penh,,,,,,,30,Computer Science,,,
"Web Front Developer ($300 ~ $1,200)","Friday, August 12, 2022","Sunday, September 11, 2022",Medium Skill,2,5,1394,Male/Female,At least 18,Full-Time,IT,Information Technology,Graduated,None,,,,,,Phnom Penh,,,,,,,30,Computer Science,,,
"Java Backend Developer ($300 ~ $1,200)","Friday, August 12, 2022","Sunday, September 11, 2022",Medium Skill,2,5,1082,Male/Female,At least 18,Full-Time,IT,Information Technology,Graduated,None,,,,,,Phnom Penh,,,,,,,30,Computer Science,,,
"Associate, IT Quality Assurance","Wednesday, August 17, 2022","Friday, September 16, 2022",Medium Skill,3,2,777,Male/Female,Age Unlimited,Full-Time,IT,Banking & Finance,Graduated,None,,,,,,Phnom Penh,,,,,,,30,Computer Science,,,
"Associate, IT Quality Assurance","Wednesday, August 17, 2022","Friday, September 16, 2022",Medium Skill,3,2,637,Male/Female,Age Unlimited,Full-Time,IT,Banking & Finance,Graduated,None,,,,,,Phnom Penh,,,,,,,30,Computer Science,,,
Technical Support Engineer 500$ - 1000$,"Tuesday, September 6, 2022","Friday, September 16, 2022",Low Skill,2,5,900,Male/Female,Age Unlimited,Full-Time,Technician/Maintenance,Human Resource,Graduated,None,,,,,,Phnom Penh,,,,,,,10,Telecoms and Networking,Computer Science,,
Front End Development Intern,"Thursday, September 1, 2022","Friday, September 30, 2022",Low Skill,1,3,1276,Male/Female,Age Unlimited,Full-Time,IT,Real Estate,Undergraduate,English,Fair,,,,,Phnom Penh,,,,,,,29,Information Technology,,,
Technical Engineer and Senior IT/ELV Technical Supervisor (300-600USD),"Monday, August 29, 2022","Tuesday, September 13, 2022",High Skill,2,3,1206,Male/Female,Age Unlimited,Full-Time,IT,Security/Fire/Electronic Access Controls,Graduated,English,Good,,,,,Phnom Penh,,,,,,,15,Information Technology,,,
Senior Java Developer($800 - $2000),"Thursday, September 8, 2022","Friday, October 7, 2022",Medium Skill,3,7,545,Male/Female,Age Unlimited,Full-Time,IT,Information Technology,Graduated,English,Good,,,,,Phnom Penh,,,,,,,29,Information Technology,,,
QA Automation Tester ( $800-$1500),"Thursday, September 8, 2022","Friday, October 7, 2022",Medium Skill,2,2,593,Male/Female,Age Unlimited,Full-Time,IT,Information Technology,Graduated,English,Good,,,,,Phnom Penh,,,,,,,29,Information Technology,,,
Software Technician (បច្ចេកទេសកម្មវិធី) 2 Positions,"Wednesday, September 7, 2022","Thursday, September 22, 2022",None,1,2,1155,Male,At least 18,Full-Time,IT,Information Technology,Undergraduate,English,Good,,,,,Phnom Penh,,,,,,,15,Information Technology,,,
Web Supervisor (ប្រធានផ្នែកគេហទំព័រ)​ 2 Positions,"Wednesday, September 7, 2022","Thursday, September 22, 2022",None,None,2,1260,Male/Female,At least 18,Full-Time,IT,Information Technology,Graduated,English,Good,,,,,Phnom Penh,,,,,,,15,Computer Science,Information Technology,,
Odoo Developer (Python),"Friday, September 2, 2022","Saturday, October 1, 2022",Medium Skill,1,5,1260,Male/Female,Age Unlimited,Full-Time,IT,Information Technology,Graduated,English,Good,,,,,Phnom Penh,,,,,,,29,Computer Science,,,
Jr.Product Owner (Software Support),"Monday, August 29, 2022","Tuesday, September 27, 2022",Low Skill,1,5,1145,Male/Female,Age Unlimited,Full-Time,Project Management,Information Technology,Graduated,English,Good,,,,,Phnom Penh,,,,,,,29,Computer Science,,,
Network Operation Center Assistant (02 Posts),"Thursday, September 8, 2022","Thursday, September 22, 2022",Medium Skill,None,2,821,Male/Female,Age Unlimited,Full-Time,Assistant/Secretary,Banking & Finance,Graduated,English,Good,,,,,Phnom Penh,,,,,,,14,Computer Science,,,
"Trainee, Digital Application Development Unit","Saturday, September 3, 2022","Thursday, September 15, 2022",Low Skill,None,3,644,Male/Female,Age Unlimited,Full-Time,Bank/Insurance,Banking & Finance,Graduated,English,Good,,,,,Phnom Penh,,,,,,,12,Information Technology,,,
"Officer, Digital Bill Pay Support Unit","Saturday, September 3, 2022","Thursday, September 15, 2022",Medium Skill,1,2,512,Male/Female,Age Unlimited,Full-Time,Bank/Insurance,Banking & Finance,Graduated,English,Good,,,,,Phnom Penh,,,,,,,12,Computer Science,Information Technology,,
Sales Advisor 04 Positions,"Thursday, September 1, 2022","Friday, September 16, 2022",Low Skill,None,4,1288,Male/Female,Age Unlimited,Full-Time,Sales,Automotive - Vehicle,Graduated,English,Good,,,,,Phnom Penh,,,,,,,15,Information Technology,,,
Application Development Manager,"Wednesday, September 7, 2022","Friday, October 7, 2022",Medium Skill,7,3,736,Male/Female,Age Unlimited,Full-Time,Architecture/Engineering,Architecture/Building/Construction,Master,English,Excellent,,,,,Phnom Penh,,,,,,,30,Computer Science,,,
Senior IT Server & Data Centre Management Officer,"Wednesday, August 17, 2022","Friday, September 16, 2022",High Skill,3,2,1335,Male/Female,Age Unlimited,Full-Time,IT,Banking & Finance,None,English,Good,,,,,Phnom Penh,,,,,,,30,Computer Science,Information Technology,,
Technical - INF (352$ -600$),"Thursday, September 1, 2022","Saturday, October 1, 2022",Low Skill,None,5,880,Male,At least 18,Full-Time,Technician/Maintenance,Telecommunication,Undergraduate,English,Fair,,,,,Phnom Penh,,,,,,,30,Computer Science,,,
IT training specialists and facilitators,"Tuesday, August 16, 2022","Thursday, September 15, 2022",None,None,3,548,Male/Female,Age Unlimited,Full-Time,IT,Education,Graduated,English,Excellent,,,,,Phnom Penh,,,,,,,30,Computer Science,,,
Front-end Coder (Web Application),"Wednesday, September 7, 2022","Friday, October 7, 2022",Medium Skill,3,5,1213,Male/Female,Age Unlimited,Full-Time,IT,Architecture/Building/Construction,Graduated,English,Excellent,,,,,Phnom Penh,,,,,,,30,Computer Science,,,
Windows Applications Developer,"Wednesday, September 7, 2022","Friday, October 7, 2022",Low Skill,1,3,635,Male/Female,Age Unlimited,Full-Time,IT,Architecture/Building/Construction,Graduated,English,Excellent,,,,,Phnom Penh,,,,,,,30,Computer Science,,,
Junior Windows Applications Developer,"Wednesday, September 7, 2022","Friday, October 7, 2022",Low Skill,1,5,1145,Male/Female,Age Unlimited,Full-Time,IT,Architecture/Building/Construction,Graduated,English,Excellent,,,,,Phnom Penh,,,,,,,30,Computer Science,,,
Digital Marketing Executive,"Thursday, August 18, 2022","Saturday, September 17, 2022",Medium Skill,1,2,1151,Male/Female,At least 18,Full-Time,Marketing,Food & Beverages,Graduated,English,Fair,,,,,Phnom Penh,,,,,,,30,Information Technology,,,
System Administration (Negotiation),"Thursday, September 1, 2022","Saturday, October 1, 2022",Low Skill,1,3,1487,Male/Female,At least 18,Full-Time,Technician/Maintenance,Telecommunication,Graduated,English,Fair,,,,,Phnom Penh,,,,,,,30,Information Technology,,,
UX Developer,"Wednesday, September 7, 2022","Friday, October 7, 2022",Medium Skill,2,4,1135,Male/Female,Age Unlimited,Full-Time,Architecture/Engineering,Architecture/Building/Construction,Graduated,English,Excellent,,,,,Phnom Penh,,,,,,,30,Computer Science,,,
UI Developer,"Wednesday, September 7, 2022","Friday, October 7, 2022",Medium Skill,2,4,869,Male/Female,Age Unlimited,Full-Time,Architecture/Engineering,Architecture/Building/Construction,Graduated,English,Excellent,,,,,Phnom Penh,,,,,,,30,Computer Science,,,
Front-end Coder (Android Application),"Wednesday, September 7, 2022","Friday, October 7, 2022",Medium Skill,3,3,1149,Male/Female,Age Unlimited,Full-Time,IT,Architecture/Building/Construction,Graduated,English,Excellent,,,,,Phnom Penh,,,,,,,30,Computer Science,,,
Front-end Coder (iOS Applications),"Wednesday, September 7, 2022","Friday, October 7, 2022",High Skill,3,3,1058,Male/Female,Age Unlimited,Full-Time,IT,Architecture/Building/Construction,Graduated,English,Excellent,,,,,Phnom Penh,,,,,,,30,Computer Science,,,
Senior App. Development Analysis,"Wednesday, September 7, 2022","Friday, October 7, 2022",High Skill,4,2,1068,Male/Female,Age Unlimited,Full-Time,IT,Architecture/Building/Construction,Graduated,English,Excellent,,,,,Phnom Penh,,,,,,,30,Computer Science,,,
IT Support Team Leader,"Saturday, August 27, 2022","Monday, September 26, 2022",High Skill,3,3,567,Male,At least 25,Full-Time,IT,Information Technology,Graduated,English,Excellent,,,,,Phnom Penh,,,,,,,30,Computer Science,Information Technology,,
Sales Outdoor Rose Plastic (300$-600$),"Saturday, August 27, 2022","Monday, September 26, 2022",Medium Skill,2,6,538,Male/Female,At least 18,Full-Time,Sales,Information Technology,Graduated,English,Excellent,,,,,Phnom Penh,,,,,,,30,Information Technology,,,
Telecom Field Operations Regional Manager,"Tuesday, August 30, 2022","Thursday, September 29, 2022",High Skill,4,2,1359,Male/Female,At least 25,Full-Time,Telecommunication,Telecommunication,Graduated,English,Excellent,,,,,Phnom Penh,,,,,,,30,Telecoms and Networking,Information Technology,,
"Sales Executive ( IT Product ) , ($200-$300).","Monday, August 22, 2022","Wednesday, September 21, 2022",Low Skill,1,5,734,Male/Female,At least 18,Full-Time,Sales,General Business Services,Graduated,English,Good,,,,,Phnom Penh,,,,,,,30,Information Technology,,,
Software Tester (05),"Monday, August 15, 2022","Wednesday, September 14, 2022",Medium Skill,None,5,973,Male/Female,Age Unlimited,Full-Time,IT,Banking & Finance,Graduated,English,Good,,,,,Phnom Penh,,,,,,,30,Information Technology,Computer Science,,
Mobile Developer (05),"Monday, August 15, 2022","Wednesday, September 14, 2022",Medium Skill,None,5,990,Male/Female,Age Unlimited,Full-Time,IT,Banking & Finance,Graduated,English,Good,,,,,Phnom Penh,,,,,,,30,Information Technology,Computer Science,,
SYSTEM OPERATOR,"Tuesday, August 16, 2022","Thursday, September 15, 2022",Medium Skill,2,5,952,Male/Female,Age Unlimited,Full-Time,IT,Banking & Finance,Graduated,English,Good,,,,,Phnom Penh,,,,,,,30,Information Technology,Computer Science,,
Mobile Developer (05),"Tuesday, August 16, 2022","Thursday, September 15, 2022",Medium Skill,None,5,1112,Male/Female,Age Unlimited,Full-Time,IT,Banking & Finance,Graduated,English,Good,,,,,Phnom Penh,,,,,,,30,Information Technology,Computer Science,,
Java Developer (10),"Monday, August 15, 2022","Wednesday, September 14, 2022",Medium Skill,None,10,1152,Male/Female,Age Unlimited,Full-Time,IT,Banking & Finance,Graduated,English,Good,,,,,Phnom Penh,,,,,,,30,Information Technology,Computer Science,,
SYSTEM OPERATOR,"Monday, August 15, 2022","Wednesday, September 14, 2022",Medium Skill,2,5,1394,Male/Female,Age Unlimited,Full-Time,IT,Banking & Finance,Graduated,English,Good,,,,,Phnom Penh,,,,,,,30,Information Technology,Computer Science,,
Outdoor Sales Executive (Urgent),"Thursday, August 25, 2022","Saturday, September 24, 2022",Medium Skill,1,10,1155,Male,At least 18,Full-Time,Sales,Information Technology,Graduated,English,Good,,,,,Phnom Penh,,,,,,,30,Information Technology,,,
Outdoor Sales Executive (Urgent),"Saturday, August 27, 2022","Monday, September 26, 2022",Medium Skill,None,10,1075,Male/Female,At least 18,Full-Time,Sales,Information Technology,Graduated,English,Good,,,,,Phnom Penh,,,,,,,30,Information Technology,,,
Sales outdoor,"Saturday, August 27, 2022","Monday, September 26, 2022",Medium Skill,None,10,1269,Male/Female,At least 18,Full-Time,Sales,Information Technology,Graduated,English,Good,,,,,Phnom Penh,,,,,,,30,Information Technology,,,
Sales Supervisor and Sales Executive (250$-400$ Plus Incentive),"Tuesday, September 6, 2022","Thursday, October 6, 2022",High Skill,2,4,811,Male/Female,Age Unlimited,Full-Time,Sales,Security/Fire/Electronic Access Controls,Graduated,English,Good,,,,,Phnom Penh,,,,,,,30,Information Technology,Computer Science,,
Software Developer (15 positions),"Friday, September 9, 2022","Sunday, October 9, 2022",Medium Skill,None,10,1085,Male/Female,Age Unlimited,Full-Time,IT,Telecommunication,Graduated,English,Good,,,,,Phnom Penh,,,,,,,30,Information Technology,Computer Science,,
IT Application Developer,"Monday, August 15, 2022","Wednesday, September 14, 2022",Medium Skill,2,5,735,Male/Female,Age Unlimited,Full-Time,IT,Insurance,Graduated,English,Good,,,,,Phnom Penh,,,,,,,30,Information Technology,,,
Product Owner (PO),"Monday, August 29, 2022","Wednesday, September 28, 2022",Medium Skill,2,4,580,Male/Female,At least 18,Full-Time,Technician/Maintenance,Banking & Finance,Graduated,English,Good,,,,,Phnom Penh,,,,,,,30,Information Technology,,,
Web Developer (05),"Monday, August 15, 2022","Wednesday, September 14, 2022",Medium Skill,2,5,510,Male/Female,Age Unlimited,Full-Time,IT,Banking & Finance,Graduated,English,Good,,,,,Phnom Penh,,,,,,,30,Information Technology,Computer Science,,
Data Analyst officer,"Monday, August 29, 2022","Wednesday, September 28, 2022",Medium Skill,1,5,1424,Male/Female,At least 18,Full-Time,Technician/Maintenance,Banking & Finance,Graduated,English,Good,,,,,Phnom Penh,,,,,,,30,Data Science,Computer Science,Information Technology,Telecoms and Networking
Senior/Lead Web Developer,"Thursday, September 8, 2022","Saturday, October 8, 2022",High Skill,3,4,961,Male/Female,Age Unlimited,Full-Time,IT,Information Technology,Graduated,English,Good,,,,,Phnom Penh,,,,,,,30,Information Technology,,,
Web Developer,"Thursday, September 1, 2022","Saturday, October 1, 2022",Medium Skill,3,5,1141,Male/Female,At least 18,Full-Time,IT,Real Estate,Graduated,English,Good,,,,,Phnom Penh,,,,,,,30,Computer Science,,,
Software Developer Executive,"Thursday, September 1, 2022","Saturday, October 1, 2022",High Skill,1,5,533,Male/Female,Age Unlimited,Full-Time,IT,Real Estate,Graduated,English,Good,,,,,Phnom Penh,,,,,,,30,Information Technology,,,
IT Staff,"Thursday, August 18, 2022","Saturday, September 17, 2022",Low Skill,1,4,1497,Male/Female,At least 18,Full-Time,IT,Telecommunication,Graduated,English,Good,,,,,Phnom Penh,,,,,,,30,Computer Science,Information Technology,,
Graphic Designer ($300-$800),"Friday, August 12, 2022","Sunday, September 11, 2022",Medium Skill,3,5,948,Male/Female,At least 18,Full-Time,IT,Information Technology,Graduated,English,Good,,,,,Phnom Penh,,,,,,,30,Computer Science,,,
Technical Software&Hardware Installation - Urgent (250-350),"Saturday, August 27, 2022","Monday, September 26, 2022",Low Skill,None,5,1108,Male,Age Unlimited,Full-Time,IT,Information Technology,Graduated,English,Good,,,,,Phnom Penh,,,,,,,30,Information Technology,Computer Science,,
Software Developer,"Thursday, August 25, 2022","Saturday, September 24, 2022",Medium Skill,2,4,1021,Male/Female,Age Unlimited,Full-Time,Bank/Insurance,Banking & Finance,Graduated,English,Good,,,,,Phnom Penh,,,,,,,30,Computer Science,,,
"Officer, Software Developer","Tuesday, August 16, 2022","Thursday, September 15, 2022",Medium Skill,1,5,795,Male/Female,Age Unlimited,Full-Time,IT,Banking & Finance,Graduated,English,Good,,,,,Phnom Penh,,,,,,,30,Computer Science,,,
"IT Officer ( $400 - $500 ),Boeng Keng Kang","Tuesday, August 30, 2022","Thursday, September 29, 2022",Low Skill,2,3,569,Male,At least 18,Full-Time,IT,General Business Services,Graduated,English,Good,,,,,Phnom Penh,,,,,,,30,Information Technology,,,
UIUX Designer,"Monday, August 29, 2022","Wednesday, September 28, 2022",Medium Skill,1,3,594,Male/Female,At least 18,Full-Time,Design,Banking & Finance,Graduated,English,Good,,,,,Phnom Penh,,,,,,,30,Information Technology,,,
Business Analysis Specialist,"Monday, August 15, 2022","Wednesday, September 14, 2022",Medium Skill,None,3,780,Male/Female,Age Unlimited,Full-Time,Management,Banking & Finance,Graduated,English,Good,,,,,Phnom Penh,,,,,,,30,Information Technology,Computer Science,,
BUSINESS ANALYST,"Tuesday, August 16, 2022","Thursday, September 15, 2022",Medium Skill,None,3,675,Male/Female,Age Unlimited,Full-Time,Management,Banking & Finance,Graduated,English,Good,,,,,Phnom Penh,,,,,,,30,Information Technology,Computer Science,,
Backend Developer,"Thursday, September 8, 2022","Saturday, October 8, 2022",Medium Skill,None,3,946,Male/Female,Age Unlimited,Full-Time,IT,Information Technology,Graduated,English,Good,,,,,Phnom Penh,,,,,,,30,Computer Science,,,
Software QA Tester,"Thursday, September 8, 2022","Saturday, October 8, 2022",Medium Skill,1,3,966,Male/Female,Age Unlimited,Full-Time,IT,Information Technology,Graduated,English,Good,,,,,Phnom Penh,,,,,,,30,Computer Science,,,
Network Engineer,"Thursday, August 18, 2022","Saturday, September 17, 2022",Low Skill,1,3,935,Male/Female,At least 18,Full-Time,IT,Telecommunication,Graduated,English,Good,,,,,Phnom Penh,,,,,,,30,Information Technology,Telecoms and Networking,,
Senior Officer- Mobile Application Development (Phnom Penh),"Monday, September 12, 2022","Wednesday, October 12, 2022",Medium Skill,3,3,857,Male/Female,Age Unlimited,Full-Time,Food & Beverages,Food & Beverages,Graduated,English,Good,,,,,Phnom Penh,,,,,,,30,Computer Science,,,
Web Developer ($500-$1K) Tomnub Kob Srov,"Monday, September 12, 2022","Wednesday, October 12, 2022",Medium Skill,2,3,1432,Male/Female,At least 18,Full-Time,General Business Services,General Business Services,Graduated,English,Good,,,,,Phnom Penh,,,,,,,30,Information Technology,Computer Science,,
"Graphic Design ( $300- $ 400 ),​ បឹងរាំង ខណ្ឌដូនពេញ.","Monday, August 29, 2022","Wednesday, September 28, 2022",Low Skill,1,2,1089,Male/Female,At least 18,Full-Time,Design,General Business Services,Graduated,English,Good,,,,,Phnom Penh,,,,,,,30,Information Technology,,,
Stock Keeper (AnAnA Computer),"Monday, August 15, 2022","Wednesday, September 14, 2022",Low Skill,1,2,622,Male/Female,At least 18,Full-Time,Logistics/Shipping/Deliver/Warehouse,Electronics/Electrical/Mechanical Equipment,Graduated,English,Good,,,,,Phnom Penh,,,,,,,30,Information Technology,,,
Graphic Designer ( very Urgent ),"Thursday, September 8, 2022","Saturday, October 8, 2022",None,1,2,767,Male/Female,At least 25,Full-Time,Architecture/Engineering,Architecture/Building/Construction,Graduated,English,Good,,,,,Phnom Penh,,,,,,,30,Information Technology,,,
Data Analyst officer,"Tuesday, August 30, 2022","Thursday, September 29, 2022",Medium Skill,1,2,1284,Male/Female,At least 18,Full-Time,Technician/Maintenance,Banking & Finance,Graduated,English,Good,,,,,Phnom Penh,,,,,,,30,Data Science,Computer Science,Information Technology,Telecoms and Networking
IT Engineer,"Monday, August 22, 2022","Wednesday, September 21, 2022",Medium Skill,3,2,1108,Male/Female,At least 18,Full-Time,IT,Real Estate,Graduated,English,Good,,,,,Phnom Penh,,,,,,,30,Computer Science,Information Technology,,
IT Support Team Leader,"Saturday, August 27, 2022","Monday, September 26, 2022",High Skill,3,2,706,Male,At least 25,Full-Time,IT,Information Technology,Graduated,English,Good,,,,,Phnom Penh,,,,,,,30,Computer Science,Information Technology,,
IT-Programmer ( 2 Posts),"Thursday, August 25, 2022","Saturday, September 24, 2022",Medium Skill,2,2,1062,Male,At least 18,Full-Time,IT,Food & Beverages,Graduated,English,Good,,,,,Phnom Penh,,,,,,,30,Computer Science,Information Technology,,
Head of IT,"Thursday, August 18, 2022","Saturday, September 17, 2022",Medium Skill,7,2,1433,Male/Female,Age Unlimited,Full-Time,IT,Insurance,Graduated,English,Good,,,,,Phnom Penh,,,,,,,30,Information Technology,Computer Science,,
Flutter Development,"Friday, August 12, 2022","Sunday, September 11, 2022",Medium Skill,3,2,1222,Male/Female,Age Unlimited,Full-Time,IT,Education,Graduated,English,Good,,,,,Phnom Penh,,,,,,,30,Computer Science,,,
"Developer, Application Development","Friday, September 9, 2022","Sunday, October 9, 2022",Medium Skill,2,2,840,Male/Female,Age Unlimited,Full-Time,IT,Trading,Graduated,English,Good,,,,,Phnom Penh,,,,,,,30,Computer Science,,,
C# Developer,"Monday, September 5, 2022","Wednesday, October 5, 2022",Medium Skill,None,2,678,Male/Female,Age Unlimited,Full-Time,IT,Wholesale/Retail,Graduated,English,Good,,,,,Phnom Penh,,,,,,,30,Computer Science,Information Technology,,
"Senior Officer, System and Application","Monday, September 5, 2022","Wednesday, October 5, 2022",Medium Skill,3,2,1255,Male/Female,Age Unlimited,Full-Time,Merchandising/Purchasing,Banking & Finance,Graduated,English,Good,,,,,Phnom Penh,,,,,,,30,Computer Science,,,
Mobile App Developer,"Tuesday, August 30, 2022","Thursday, September 29, 2022",Medium Skill,None,2,940,Male/Female,Age Unlimited,Full-Time,IT,Banking & Finance,Graduated,English,Good,,,,,Phnom Penh,,,,,,,30,Computer Science,,,
Card Management System Officer,"Monday, September 5, 2022","Wednesday, October 5, 2022",Medium Skill,1,2,1132,Male/Female,Age Unlimited,Full-Time,IT,Banking & Finance,Graduated,English,Good,,,,,Phnom Penh,,,,,,,30,Computer Science,,,
Senior Network and Security Officer,"Monday, September 5, 2022","Wednesday, October 5, 2022",Low Skill,3,2,538,Male/Female,Age Unlimited,Full-Time,IT,Banking & Finance,Graduated,English,Good,,,,,Phnom Penh,,,,,,,30,Computer Science,,,
IT Support Officer,"Monday, August 22, 2022","Wednesday, September 21, 2022",Low Skill,1,2,869,Male/Female,Age Unlimited,Full-Time,IT,Banking & Finance,Graduated,English,Good,,,,,Phnom Penh,,,,,,,30,Computer Science,,,
"Specialist, Business Intelligence and Data Analytics","Friday, August 26, 2022","Sunday, September 25, 2022",Medium Skill,2,2,1319,Male/Female,Age Unlimited,Full-Time,IT,Information Technology,Graduated,English,Good,,,,,Phnom Penh,,,,,,,30,Information Technology,,,
Digital Touchpoints Specialist,"Tuesday, August 23, 2022","Thursday, September 22, 2022",Medium Skill,2,2,1014,Male/Female,Age Unlimited,Full-Time,Project Management,Telecommunication,Graduated,English,Good,,,,,Phnom Penh,,,,,,,30,Information Technology,,,
Mobile App Developer,"Thursday, August 25, 2022","Saturday, September 24, 2022",Medium Skill,2,2,924,Male/Female,Age Unlimited,Full-Time,Bank/Insurance,Banking & Finance,Graduated,English,Good,,,,,Phnom Penh,,,,,,,30,Computer Science,,,
IT Audit Officer,"Wednesday, August 17, 2022","Friday, September 16, 2022",Medium Skill,2,2,1439,Male/Female,Age Unlimited,Full-Time,IT,Banking & Finance,Graduated,English,Good,,,,,Phnom Penh,,,,,,,30,Information Technology,Computer Science,,
Assistant IT Security Manager,"Wednesday, August 17, 2022","Friday, September 16, 2022",High Skill,5,2,1067,Male/Female,Age Unlimited,Full-Time,Assistant/Secretary,Banking & Finance,Graduated,English,Good,,,,,Phnom Penh,,,,,,,30,Information Technology,Computer Science,,
"Officer, Android Developer","Tuesday, August 16, 2022","Thursday, September 15, 2022",Medium Skill,2,2,525,Male/Female,Age Unlimited,Full-Time,IT,Banking & Finance,Graduated,English,Good,,,,,Phnom Penh,,,,,,,30,Computer Science,,,
Human Resource Intern,"Friday, August 12, 2022","Sunday, September 11, 2022",Low Skill,None,1,737,Male/Female,At least 18,Full-Time,Human Resource,Property Development/Management,Graduated,Khmer,Mother Tongue,English,Good,,,Phnom Penh,,,,,,,30,Information Technology,,,
iOS Developer,"Thursday, September 1, 2022","Saturday, October 1, 2022",Low Skill,1,1,998,Male/Female,At least 18,Full-Time,IT,Real Estate,Graduated,Khmer,Mother Tongue,English,Good,,,Phnom Penh,,,,,,,30,Computer Science,,,
Python Teacher,"Thursday, September 1, 2022","Saturday, October 1, 2022",Medium Skill,1,1,1449,Male/Female,At least 18,Full-Time,IT,Real Estate,Graduated,Khmer,Mother Tongue,English,Excellent,,,Phnom Penh,,,,,,,30,Computer Science,,,
Senior Backend Developer,"Thursday, September 1, 2022","Saturday, October 1, 2022",High Skill,3,1,725,Male/Female,At least 18,Full-Time,IT,Real Estate,Graduated,English,Good,Khmer,Mother Tounge,,,Phnom Penh,,,,,,,30,Information Technology,,,
IT Support,"Thursday, September 1, 2022","Saturday, October 1, 2022",Low Skill,1,1,1464,Male/Female,At least 18,Full-Time,IT,Real Estate,Graduated,Khmer,Mother Tongue,English,Good,,,Phnom Penh,,,,,,,30,Information Technology,Telecoms and Networking,,
OSS System Integration & Operation Engineer,"Monday, September 5, 2022","Wednesday, October 5, 2022",Low Skill,1,1,1104,Male/Female,Age Unlimited,Full-Time,IT,Telecommunication,Graduated,English,Excellent,Khmer,Excellent,,,Phnom Penh,,,,,,,30,Computer Science,,,
IT Storage Product Manager (Fresh Graduate),"Monday, September 5, 2022","Wednesday, October 5, 2022",Low Skill,1,1,1230,Male/Female,Age Unlimited,Full-Time,Telecommunication,Telecommunication,Graduated,English,Good,Chinese-Mandarin,Good,,,Phnom Penh,,,,,,,30,Computer Science,,,
Fixed Network Product & Solution,"Monday, September 5, 2022","Wednesday, October 5, 2022",Low Skill,None,1,1205,Male/Female,Age Unlimited,Full-Time,Telecommunication,Telecommunication,Graduated,English,Excellent,Khmer,Excellent,,,Phnom Penh,,,,,,,30,Telecoms and Networking,,,
System Engineer,"Tuesday, September 6, 2022","Thursday, October 6, 2022",Low Skill,1,1,1332,Male/Female,Age Unlimited,Full-Time,Telecommunication,Telecommunication,Graduated,English,Good,Khmer,Good,,,Phnom Penh,,,,,,,30,Telecoms and Networking,,,
​IT Security Governance at an International Financial Services Company in Phnom Penh,"Wednesday, August 31, 2022","Friday, September 30, 2022",Medium Skill,3,1,860,Male/Female,Age Unlimited,Full-Time,IT,General Business Services,Graduated,Khmer,Mother Tongue,English,Good,,,Phnom Penh,,,,,,,30,Telecoms and Networking,,,
iOS Developer,"Tuesday, August 16, 2022","Thursday, September 15, 2022",Medium Skill,1,1,1322,Male/Female,At least 18,Full-Time,IT,Telecommunication,Graduated,English,Good,Khmer,Mother Tounge,,,Phnom Penh,,,,,,,30,Computer Science,,,
Supply Chain Specialist- 供应链专员（21-22年毕业的应届生）,"Monday, September 5, 2022","Wednesday, October 5, 2022",High Skill,3,1,1311,Male/Female,Age Unlimited,Full-Time,Merchandising/Purchasing,Telecommunication,Graduated,English,Excellent,Khmer,Excellent,Chinese-Mandarin,Excellent,Phnom Penh,,,,,,,30,Telecoms and Networking,,,
Programmer,"Friday, September 9, 2022","Monday, September 19, 2022",Low Skill,None,1,563,Male/Female,Age Unlimited,Full-Time,IT,Information Technology,Graduated,English,Good,Chinese-Mandarin,Good,Khmer,Good,Phnom Penh,,,,,,,10,Computer Science,,,
Programmer,"Monday, September 5, 2022","Thursday, September 15, 2022",Medium Skill,2,1,739,Male/Female,At least 18,Full-Time,Operation/Production,Information Technology,Graduated,English,Good,Chinese-Mandarin,Good,Khmer,Good,Phnom Penh,,,,,,,10,Computer Science,,,
បុគ្គលិកជាប់កិច្ចសន្យា,"Wednesday, August 31, 2022","Thursday, September 15, 2022",Low Skill,1,1,1262,Male/Female,Age Unlimited,Full-Time,IT,Others,Graduated,Khmer,Mother Tongue,English,Good,,,Phnom Penh,,,,,,,15,Computer Science,,,
Quality Assurance,"Thursday, September 1, 2022","Saturday, October 1, 2022",High Skill,1,2,532,Male/Female,At least 18,Full-Time,IT,Real Estate,Graduated,Khmer,Mother Tongue,English,Excellent,,,Phnom Penh,,,,,,,30,Computer Science,,,
IT-Programing Teacher,"Thursday, September 1, 2022","Saturday, October 1, 2022",High Skill,1,3,1214,Male/Female,At least 18,Full-Time,IT,Real Estate,Graduated,Khmer,Mother Tongue,English,Excellent,,,Phnom Penh,,,,,,,30,Information Technology,,,
Marketing Officer,"Thursday, September 1, 2022","Saturday, October 1, 2022",Medium Skill,1,4,560,Male/Female,Age Unlimited,Full-Time,Marketing,Real Estate,Graduated,Khmer,Good,English,Good,,,Phnom Penh,,,,,,,30,Information Technology,,,
Database Administrator,"Monday, September 5, 2022","Wednesday, October 5, 2022",Medium Skill,2,5,650,Male/Female,Age Unlimited,Full-Time,IT,Banking & Finance,Graduated,English,Good,Chinese-Mandarin,Good,Korean,Good,Phnom Penh,,,,,,,30,Computer Science,Information Technology,,
Data Analysis,"Tuesday, August 23, 2022","Thursday, September 22, 2022",Medium Skill,2,2,829,Male/Female,Age Unlimited,Full-Time,Bank/Insurance,Banking & Finance,Graduated,None,,,,,,Kampong Speu,,,,,,,30,Information Technology,,,
IT Manager,"Friday, September 9, 2022","Saturday, September 24, 2022",Medium Skill,None,1,1133,Male/Female,Age Unlimited,Full-Time,IT,Agriculture/Foresty/Fishing,Graduated,English,Good,,,,,Kampong Speu,,,,,,,15,Computer Science,,,
IT ( Basic salary 350+),"Friday, September 9, 2022","Saturday, September 24, 2022",Low Skill,None,1,908,Male/Female,Age Unlimited,Full-Time,IT,Agriculture/Foresty/Fishing,Graduated,English,Good,,,,,Kampong Speu,,,,,,,15,Information Technology,,,
IT SUPERVISOR,"Monday, August 29, 2022","Wednesday, September 28, 2022",Medium Skill,4,1,520,Male/Female,At least 30,Full-Time,IT,Architecture/Building/Construction,Graduated,English,Good,,,,,Phnom Penh,Phnom Penh,,,,,,30,Information Technology,,,
"JAVA Team Lead (Up to $1,500)","Wednesday, August 31, 2022","Friday, September 30, 2022",Medium Skill,None,2,531,Male/Female,Age Unlimited,Full-Time,IT,Information Technology,None,English,Good,,,,,Phnom Penh,Phnom Penh,,,,,,30,Computer Science,,,
Junior Roaming & Interconnect Administrator,"Saturday, September 3, 2022","Monday, October 3, 2022",Medium Skill,1,1,1144,Male/Female,Age Unlimited,Full-Time,IT,Telecommunication,Graduated,English,Good,,,,,Phnom Penh,Phnom Penh,,,,,,30,Computer Science,,,
Junior Roaming & Interconnect Administrator,"Friday, September 2, 2022","Sunday, October 2, 2022",Medium Skill,1,1,710,Male/Female,Age Unlimited,Full-Time,IT,Telecommunication,Graduated,English,Good,,,,,Phnom Penh,Phnom Penh,,,,,,30,Computer Science,,,
Sales Corporate & SMB (Outdoor),"Saturday, August 27, 2022","Monday, September 26, 2022",Medium Skill,2,1,848,Male/Female,At least 18,Full-Time,Sales,Information Technology,Graduated,English,Excellent,,,,,Phnom Penh,Phnom Penh,,,,,,30,Information Technology,,,
Network Engineer,"Friday, September 9, 2022","Monday, September 19, 2022",Low Skill,None,1,1162,Male/Female,Age Unlimited,Full-Time,IT,Information Technology,Graduated,English,Good,Chinese-Mandarin,Good,Khmer,Good,Bavet,Kampong Cham,Phnom Penh,Preah Sihanouk,Pursat,,,10,Information Technology,,,
Network Engineer,"Monday, September 5, 2022","Thursday, September 15, 2022",Low Skill,None,1,1327,Male/Female,Age Unlimited,Full-Time,Architecture/Engineering,Information Technology,Graduated,English,Good,Khmer,Good,Chinese-Mandarin,Good,Bavet,Kampong Cham,Phnom Penh,Preah Sihanouk,Pursat,,,10,Information Technology,,,
